job_id,vacancy,field,date_posted,job_details,location
JB6785,Software Engineer,Technology,2024-01-15,Responsible for developing software solutions. Requires proficiency in Python and teamwork skills.,New York (NY)
SE3467,Data Analyst,Data Science,2024-02-20,Analyze data trends and provide insights. Must have experience with SQL and data visualization.,San Francisco (CA)
QT5432,Project Manager,Management,2024-01-05,Oversee project development. Requires leadership skills and experience in Agile methodologies.,Chicago (IL)
DX8721,Graphic Designer,Design,2024-03-10,Create visual content. Must be skilled in Adobe Creative Suite and possess strong creativity.,Los Angeles (CA)
UR9073,Marketing Specialist,Marketing,2024-02-28,Develop marketing strategies. Experience with digital marketing and analytics required.,Austin (TX)
XY2345,Web Developer,Technology,2024-01-22,"Build and maintain websites. Requires proficiency in HTML, CSS, and JavaScript.",Seattle (WA)
GH4567,System Administrator,IT,2024-03-15,Manage IT infrastructure. Knowledge of server management and networking is essential.,Dallas (TX)
BC5678,UX/UI Designer,Design,2024-02-10,Design user experiences. Proficiency in design tools and user research methods required.,Boston (MA)
FD8901,Database Administrator,IT,2024-01-30,Maintain database systems. Experience with SQL and performance tuning needed.,Denver (CO)
JK1234,Content Writer,Media,2024-03-01,Create engaging content. Strong writing skills and creativity are essential.,Miami (FL)
LM4560,Product Manager,Management,2024-02-14,Lead product development. Requires experience in market research and project management.,Atlanta (GA)
QR7890,Network Engineer,IT,2024-03-05,Design and implement networks. Knowledge of network protocols and security required.,Phoenix (AZ)
MN2345,Sales Executive,Sales,2024-01-18,Drive sales and build client relationships. Strong communication skills are essential.,Houston (TX)
OP6789,SEO Specialist,Marketing,2024-02-25,Optimize web content for search engines. Experience with SEO tools required.,Portland (OR)
XY9012,Customer Support Representative,Customer Service,2024-03-12,Assist customers with inquiries. Strong problem-solving skills are necessary.,Las Vegas (NV)
ZX5432,Test Entry,Testing,2024-10-01,This is a test entry for job listings.,Test City (TC)
AB9876,JOBS,JOBS,2024-10-31,Job details for future opportunities.,Future Location (FL)
ND8749,Tax Specialist,Finance & Accounting,2024-06-05,Lorem Ipsum...,South Africa (RSA)
GR0000,Caretaker,Health,2024-10-03,Take care of the elderly.,South Africa (RSA)
NW0000,NEW JOB,NEW FIELD,2024-10-07,DETAILS...,Zimbabwe (ZW)
DV6745,Police Officer,Security,2024-10-11,Lorem Ipsum...,ESWATINI (SZ)
00111,IT,Development software,2024-10-11,Software testing,Pretoria North
